Puntuación,Dirección,Guionista,Argumento,Nombre de la película,ID de la película,Genero
"4,2",Desconocido,Brett Morris,"When his new neighbour turns out to be the wizard Merlin, young Ben Clark is enlisted in an ancient battle to save the world.",The Sorcerer's Apprentice,tt0120166,Fantasy
"7,5","Dirección
Dieter Meier
Guión
Rozanne CharbonneauDieter MeierJohn Travers
Reparto principal
Zbigniew ZamachowskiDieter MeierCornelia Grolimund",Rozanne CharbonneauDieter MeierJohn Travers,,Lightmaker,tt0133063,Fantasy
"4,1","Dirección
Ernest G. Sauer
Guión
Gary P. ConnerJoe Dinki
Reparto principal
Marilyn ChambersVeronica HartRichard Lounello",Gary P. ConnerJoe Dinki,"Marilyn (Marilyn Chambers) opens a lingerie store in a small town but faces opposition from stuffy townspeople. That is, until she finds an ancient Druid book of spells.",Little Shop of Erotica,tt0148415,Fantasy
"6,4","Dirección
Pitof
Guión
Eugène-François VidocqPitofJean-Christophe Grangé
Reparto principal
Gérard DepardieuGuillaume CanetInés Sastre",Eugène-François VidocqPitofJean-Christophe Grangé,"París, 1830: Vidocq es asesinado por un hombre enmascarado con un espejo. Ladrón convertido en investigador, trabajaba en un caso de hombres muertos por un rayo. Su biógrafo intenta resolver el caso.",Vidocq,tt0164961,Fantasy
"4,8","Dirección
Henry Selick
Guión
Kaja BlackleySam Hamm
Reparto principal
Brendan FraserBridget FondaJohn Turturro",Kaja BlackleySam Hamm,"En coma, un dibujante se encuentra atrapado dentro de su propia creación subterránea y debe encontrar la forma de regresar mientras compite contra su famoso y traicionero personaje, Monkeybone.",Monkeybone,tt0166276,Fantasy
"7,2",Desconocido,Robert Louis StevensonRon ClementsJohn Musker,"Jim Hawkins es un adolescente rebelde al que el mundo considera un vago sin rumbo. Tras recibir un mapa de un pirata moribundo, se embarca en una odisea por el universo para encontrar un tesoro.",Piratenplaneet,tt0133240,Fantasy
"6,3","Dirección
Mark Swan
Guión
Forrest S. Baker IIIKen CromarRay Goldrup
Reparto principal
Liam AikenForrest S. Baker IIISarah Baker",Forrest S. Baker IIIKen CromarRay Goldrup,"It is loosely based on Hans Christian Anderson's classic fairy tale. Because the evil prince Laird did not inherit the crown of Corazion, he sought his revenge by secretly switching his newborn daughter with that of his brother's, King Heath. The real princess is raised as a peasant, unaware of her royal lineage. Years later, Prince Rollo comes to the kingdom in searc... Leer todo",The Princess and the Pea,tt0146063,Fantasy
"7,5",Desconocido,Bob Gale,"Neal Oliver, un joven muy confundido, emprende el viaje de su vida en una autopista que no existe en ninguno de los mapas, yendo a lugares de los que ni siquiera había oído hablar, buscando una respuesta y su chica soñada.",Interstate 60: Episodes of the Road,tt0165832,Fantasy
"8,8",Desconocido,J.R.R. TolkienFran WalshPhilippa Boyens,"Mientras Frodo y Sam se acercan a Mordor con la ayuda del astuto Gollum, la comunidad dividida se enfrenta al nuevo aliado de Sauron, Saruman, y a sus hordas de Isengard.",The Lord of the Rings: The Two Towers,tt0167261,Fantasy
"5,8","Dirección
George Sluizer
Guión
Yvette BíróJosé SaramagoGeorge Sluizer
Reparto principal
Federico LuppiIcíar BollaínGabino Diego",Yvette BíróJosé SaramagoGeorge Sluizer,"An inexplicable crack in the Pyrenees Mountains provokes excitement and scientific curiosity. As the geological fracture deepens and widens, the European community begins to disassociate itself from the calamity, and panic ensues among tourists and residents attempting to escape. When Spain and Portugal physically separate from the continent, the detached Iberian peni... Leer todo",La balsa de piedra,tt0175203,Fantasy
"4,8",Desconocido,Alex ErkiletianRobert McRay,Two ancient entities reincarnated through the centuries face off time and again for an innocent soul.,Legend of the Phantom Rider,tt0210223,Fantasy
"4,3","Dirección
Peter Foldy
Guión
Gerald Sanford
Reparto principal
Paul PopowichDerek HamiltonEugene Levy",Gerald Sanford,A street performer fights a pathological man for his girlfriend's love.,Silver Man,tt0217802,Fantasy
"5,5","Dirección
Peter Weissflog
Guión
Ursula BagnallEllis Kaut
Reparto principal
Hans ClarinChristine NeubauerSunnyi Melles",Ursula BagnallEllis Kaut,"Sequel to the TV series from the 1980s. Now living with a younger relation of Meister Eder, Pumuckl is abducted by two devious circus artists eager to exploit his invisibility in their number. The little sprite has many new adventures in the exciting world of the circus.",Pumuckl und sein Zirkusabenteuer,tt0237622,Fantasy
"5,5",Desconocido,Ethan ReiffCyrus Voris,Un monje tibetano se convierte en mentor de un joven de la calle y trata de enseñarle a proteger el pergamino del poder supremo de una organización secreta nazi empeñada en dominar el mundo.,Bulletproof Monk,tt0245803,Fantasy
"5,4",Desconocido,Stephen Vincent BenetArchibald MacleishPeter Dexter,A down-and-out writer sells his soul to the Devil in exchange for fame and fortune.,The Devil and Daniel Webster,tt0263265,Fantasy
"7,7","Dirección
Frank Scantori
Guión
Frank Scantori
Reparto principal
Wendy CooperHeather Carter-DrakeAna Diego",Frank Scantori,"A Princess is kidnapped by a Sorceress, her fate is to be sacrificed to the evil demon Verik. Only one person has the power to save the Princess, a Priestess. There is only one drawback, the Sorceress and the Priestess are sisters. The only way to be victorious is one must destroy the other.",Warrior Sisters,tt0205513,Fantasy
"6,3","Dirección
Johnny Kim
Guión
Johnny KimSamantha LeeTony T.L. Young
Reparto principal
Dylan EdringtonJohnny KimBree Condon",Johnny KimSamantha LeeTony T.L. Young,"Taylor Williams III meets the girl of his dreams, Mandii Carson.",Raspberry & Lavender,tt0222790,Fantasy
"3,1",Desconocido,Paul Matthews,El hijo de un caudillo está maldito a renacer una vida tras otra y destinado a amar y perder hasta que se levante la maldición.,Berserker,tt0264410,Fantasy
Desconocido,Desconocido,Desconocido,,Off the Pages,tt0286857,Fantasy
Desconocido,Desconocido,Desconocido,"An apparent gynaecologist Dr. Nightingale hastily marries a pregnant patient, Modesta and takes her home to his mysterious manor to meet Mother. Mother turns out to be his crazy accomplice in mass murder and his quest for immortality.",Mothers Little Murderer,tt0293708,Fantasy
"7,3",Desconocido,William SteigAndrew AdamsonJoe Stillman,"Shrek y Fiona viajan al reino de Muy Muy Lejano, donde los padres de Fiona son reyes, para celebrar su matrimonio. Cuando llegan, descubren que no son tan bienvenidos como pensaban.",Shrek 2,tt0298148,Fantasy
"8,2",Desconocido,Robert FleetStephan Szpak-Fleet,"A homeless dying veteran, trying to find a Unicorn he believes lives in the mountains above Los Angeles, convinces a Latina immigrant to join his quest, provoking a tragic-comic chase as they are followed by the Border Patrol and her Lowrider cousins.",Last Mountain,tt0234084,Fantasy
"5,3",Desconocido,Barry Authors,"A New York City oil company troubleshooter is brought to a remote B.C. lake to look for some lost machinery. Cancelling a trip to Disney World with his son, he decides to bring the boy along. They both end up experiencing more excitement than Mickey could ever conjure in Orlando, when they meet up with bad guys and a legendary creature.",Mee-Shee: The Water Giant,tt0243462,Fantasy
"7,5",Desconocido,Steve BoxNick ParkMark Burton,Wallace y su leal perro Gromit se disponen a resolver el misterio tras la plaga que acecha los huertos de todos los vecinos y que amenaza con arruinar el torneo anual de verduras gigantes.,The Curse of the Were-Rabbit,tt0312004,Fantasy
"5,0","Dirección
Antony Szeto
Guión
Trevor MorrisYeung-Ping SzeAntony Szeto
Reparto principal
Karen MokDaniel WuStephen Fung",Trevor MorrisYeung-Ping SzeAntony Szeto,"A town is attacked by a deadly creature. The only thing that can stop it is the DragonBlade, but the one who knows where it is won't tell others, since untold peril await anyone who finds this legendary weapon.",Lung do kei yuen,tt0327660,Fantasy
"4,4","Dirección
Ted Newsom
Guión
Ted Newsom
Reparto principal
Trudi Jo Marie KeckGerald BrodinGwen Brownson",Ted Newsom,"When a beautiful photo model disappears, police track the photographer who last saw her. At his trial, the model herself tells her side of the story.",Whispers from a Shallow Grave,tt0144280,Fantasy
"4,5",Desconocido,Robert MorelandDoug LangdaleAndre Sikojev,"An alliance of evil-doers, led by Frieda, looks to take over Fairy Tale Land. But when Ella realizes her stepmother is out to ruin her storybook existence, she takes a dramatic turn and blossoms into the leader of the resistance effort.",Happily N'Ever After,tt0308353,Fantasy
"6,0",Desconocido,Céline GarciaLuc BessonPatrice Garcia,"Arthur, un niño de diez años, en un intento de salvar la casa de su abuelo de la demolición, va en busca de un tesoro escondido en la tierra de los minimoys, gente diminuta que vive en armonía con la naturaleza.",Arthur en de Minimoys,tt0344854,Fantasy
"7,2",Desconocido,Michel Gondry,Un hombre que vive en trance en su onírica imaginación se enamora de una mujer y siente que puede enseñarle su universo singular.,The Science of Sleep,tt0354899,Fantasy
"4,7","Dirección
Michael Stein
Guión
Michael Stein
Reparto principal
Michael SteinAndy DickFaye Dunaway",Michael Stein,"Four intertwining stories filled with fantasy, over the top comedy and drama set in the entertainment industry on Valentine's day",Love Hollywood Style,tt0361852,Fantasy
"6,0",Desconocido,José Pepe BojórquezDavid Howard,"On an island across the sea lies a village full of romance, wonder and mystery; a timeless place where people carry strong beliefs that can fulfill the heart's deepest desires. A beautiful woman, led to believe she has powerful ties to the sea, defies everyone to prove them wrong, in a world where man and nature connect in improbable ways, where myths are real and tru... Leer todo",Sea of Dreams,tt0367567,Fantasy
"8,1",Desconocido,Brad BirdJan PinkavaJim Capobianco,Una rata que sabe cocinar establece una inusual alianza con un joven trabajador de la cocina de un famoso restaurante de París.,Ratatouille,tt0382932,Fantasy
"6,1",Desconocido,Chris WeitzPhilip Pullman,"En un universo paralelo, la joven Lyra Belacqua viaja al lejano norte para salvar a su mejor amigo y a otros niños secuestrados de los terribles experimentos de una misteriosa organización.",The Golden Compass,tt0385752,Fantasy
"6,8",Desconocido,Jon BernsteinMichelle Bochner SpitzDon Hall,"Lewis es un brillante inventor que conoce a un misterioso desconocido llamado Wilbur Robinson, que transporta a Lewis en una máquina del tiempo y juntos forman un equipo para perseguir al tipo del bombín.",Meet the Robinsons,tt0396555,Fantasy
"5,3","Dirección
Katja von Garnier
Guión
Ehren KrugerChristopher LandonAnnette Curtis Klause
Reparto principal
Agnes BrucknerHugh DancyOlivier Martinez",Ehren KrugerChristopher LandonAnnette Curtis Klause,Una mujer lobo adolescente se debate entre honrar el secreto de su familia y su amor por un hombre.,Blood and Chocolate,tt0397044,Fantasy
"5,3","Dirección
Gary Sinyor
Guión
Gary Sinyor
Reparto principal
Dexter FletcherElize du ToitParminder Nagra",Gary Sinyor,"Albert Ross was the most ambitious little boy in the world until an 11 year old girl broke his heart. Now he's grown up to be an embittered dentist, he's done nothing, gone nowhere AND he has a step-mother from hell. One day he suffers a mysterious accident - and suddenly finds that whatever he dreams comes true. Suddenly a whole new life opens up for him...",In Your Dreams,tt0373028,Fantasy
"6,8","Dirección
Uros Stojanovic
Guión
Aleksandar RadivojevicUros Stojanovic
Reparto principal
Katarina RadivojevicSonja KolacaricStefan Kapicic",Aleksandar RadivojevicUros Stojanovic,"Story of two sisters that grew up in a small Serbian village in the beginning of the 1930s. The village is torn up by wars and years long blood oath. There are no men left in the village. Our heroines, Ognjenka and Mala Boginja decide to go to the city, kidnap men and return life to their village. The lights of the metropolis dazzle them and there starts this little a... Leer todo",Carlston za Ognjenku,tt0380249,Fantasy
"6,0",Desconocido,Lucy ShuttleworthGraham AlboroughElizabeth Goudge,Maria inherits a book of secrets from her dad. She moves to her uncle's Moonacre estate. A family curse was cast on the valley. Only Maria can break it using her book.,De maanprinses en het geheim van het witte paard,tt0396707,Fantasy
"6,0",Desconocido,Joseph KwongPaula MazurMark Levin,Una joven vive en una isla desierta con su padre científico y escribe cartas al elusivo autor de sus novelas favoritas.,Nim's Island,tt0410377,Fantasy
"7,0",Desconocido,Guillermo del ToroMike Mignola,"Un príncipe del mundo mítico inicia una rebelión contra la humanidad para gobernar la Tierra, y Hellboy su equipo deben luchar para impedir que localice al todopoderoso ejército dorado.",Hellboy II: The Golden Army,tt0411477,Fantasy
"6,5",Desconocido,Karey KirkpatrickDavid BerenbaumJohn Sayles,"Al mudarse a la destartalada finca de Spiderwick con su madre, los hermanos gemelos Jared y Simon Grace, junto con su hermana Mallory, se ven arrastrados a un mundo alternativo lleno de hadas y otras criaturas.",De Spiderwick kronieken,tt0416236,Fantasy
"6,1",Desconocido,Kate DiCamilloGary RossWill McRobb,Un ratón inusualmente valiente ayuda a restaurar la felicidad en un reino triste.,The Tale of Despereaux,tt0420238,Fantasy
"6,4","Dirección
Jowita Gondek
Guión
Jowita GondekBozenna 'Bo' Intrator
Reparto principal
Weronika MarszalecMarcin LabnoKatarzyna Figura",Jowita GondekBozenna 'Bo' Intrator,,The Magic Stone,tt0293354,Fantasy
"5,8",Desconocido,Jayson Rothwell,"A modern take on the classic fairytale, Alice in Wonderland, set in the North East of England.",Malice in Wonderland,tt0374853,Fantasy
"6,6",Desconocido,Fran WalshPhilippa BoyensPeter Jackson,En torno a una niña que ha sido asesinada y cuida de su familia - al tiempo que observa a su asesino - des del purgatorio. Tendrá que encontrar el equilibrio entre su deseo de venganza y su deseo de reconfortar a su familia.,The Lovely Bones,tt0380510,Fantasy
"6,7",Desconocido,Spike JonzeDave EggersMaurice Sendak,"Una adaptación de la historia infantil clásica de Maurice Sendak, en la que Max, un niño pequeño y desobediente es enviado a la cama sin su cena, crea su propio mundo--un bosque habitado por feroces criaturas salvajes quienes coronan Max como su gobernante.Reseña anónima (Traducida por IMDb.es)",Max en de maximonsters,tt0386117,Fantasy
"6,3","Dirección
Alejandro Chomski
Guión
Adolfo Bioy CasaresAlejandro Chomski
Reparto principal
Luis MachínEsther GorisCarlos Belloso",Adolfo Bioy CasaresAlejandro Chomski,"Lucio Bordenave carries on the Grey lifestyle of an unemployed worker, dedicated to the trade of watchmaking, until in a somewhat mysterious way, his wife is admitted to a Frenopatic Institute. From this point on, the story enters a territory without parameters where reality is confused with the imaginary, sleep with wakefulness, and insanity with lucidity.",Dormir al sol,tt0417610,Fantasy
"5,5",Desconocido,Pete GoldfingerJosh Stolberg,Un terremoto submarino libera a una especie prehistórica de pez carnívoro y un grupo de desconocidos une fuerzas para evitar convertirse en su comida.,Piranha 3D,tt0464154,Fantasy
"6,6",Desconocido,Boaz YakinDoug MiroCarlo Bernard,"Un joven príncipe y una princesa fugitivos deben detener a un villano que, sin saberlo, amenaza con destruir el mundo con una daga especial que permite que la arena mágica de su interior invierta el tiempo.",Prince of Persia: The Sands of Time,tt0473075,Fantasy
"6,0","Dirección
Diego Vázquez
Guión
Diego Vázquez
Reparto principal
Sergi SolerSara Da Pin UpPilar Morales",Diego Vázquez,,El horror de la dama del lago,tt0478660,Fantasy
"6,5",Desconocido,Laurie CraigNick PustayBeverly Cleary,"Tratando de desmentir su imagen de molesta y conflictiva, Ramona diseña varias estrategias para ganar dinero y así aliviar los problemas económicos de su familia.",Ramona and Beezus,tt0493949,Fantasy
"5,6",Desconocido,Desconocido,"Tranced will allow audience members to truly experience the movie in a whole new way. Tranced will hypnotize willing audience members to participate with the movie in a way no other movie going experience ever has. When the characters on the screen get hot or cold, so does the audience. When they ride a roller coaster, audience members will feel as though they too are... Leer todo",Tranced,tt0499608,Fantasy
"4,9","Dirección
Steve Trenbirth
Guión
Karl GeursJames CostelloErik Shein
Reparto principal
Zoe AxelrodShelley BermanMichael Chiklis",Karl GeursJames CostelloErik Shein,"The legend of secret pass is a charming CGI animated movie inspired by American Indian mythology,",The Legend of Secret Pass,tt0765465,Fantasy
"6,6","Dirección
Leighton Pierce",Desconocido,A 12 section film that invites viewers into a more visceral and less verbally analytical state of mind.,50 Feet of String,tt0210470,Fantasy
"5,4",Desconocido,J. David StemDavid N. WeissJay Scherick,"Cuando el malvado mago Gargamel persigue a los pequeños pitufos azules fuera de su aldea, estos llegan desde su mundo mágico a la ciudad de Nueva York.",The Smurfs,tt0472181,Fantasy
"6,8",Desconocido,Terrence Malick,"La historia de una familia en Waco, Texas en 1956. El hijo mayor es testigo de la pérdida de la inocencia y lucha con las enseñanzas contrapuestas de sus padres.",The Tree of Life,tt0478304,Fantasy
"7,0",Desconocido,Ashley E. MillerZack StentzDon Payne,"El poderoso pero arrogante dios Thor es expulsado de Asgard para vivir entre los humanos en Midgard (la Tierra), donde pronto se convierte en uno de sus mejores defensores.",Thor,tt0800369,Fantasy
"7,9","Dirección
Sharlto CopleySimon Hansen
Guión
Sharlto CopleySimon Hansen
Reparto principal
Darren BoydRutger HauerJason Cope",Sharlto CopleySimon Hansen,A thriller with supernatural overtones about a man with a medical condition that causes him to black out during moments of extreme stress and leads him to make a remarkable discovery about himself.,Spoon,tt0805617,Fantasy
"5,2",Desconocido,Thomas Dean DonnellyJoshua OppenheimerSean Hood,Un guerrero bárbaro se dispone a vengarse del malvado señor de la guerra que atacó su aldea y asesinó a su padre cuando él era un niño.,Conan the Barbarian,tt0816462,Fantasy
"7,0",Desconocido,Peter BaynhamRobert SmigelTodd Durham,"Drácula, que dirige un complejo turístico de alto nivel alejado del mundo humano, se pone en modo sobreprotector cuando un chico descubre el complejo y se enamora de su hija adolescente.",Hotel Transylvania,tt0837562,Fantasy
"7,8",Desconocido,Fran WalshPhilippa BoyensPeter Jackson,"Un reticente hobbit, Bilbo Bolsón, parte hacia la Montaña Solitaria con un animado grupo de enanos para reclamar su hogar en la montaña, y el oro que contiene, al dragón Smaug.",De Hobbit: Een onverwachte reis,tt0903624,Fantasy
"7,4","Dirección
Oliver Harrison
Guión
Oliver Harrison
Reparto principal
Julian BleachSteve SmithWill Strange",Oliver Harrison,"In a fantastic quasi Georgian (18th century) world, a fanatical religious sect ""The Holy Exaltation"" have taken control.",The Fallen Word,tt0843839,Fantasy
"5,0",Desconocido,Roger S. BaumRandi BarnesAdam Balsam,"Shortly after a tornado rips through her Kansas home, Dorothy returns to Oz to save her friends from a villainous jester.",Legends of Oz: Dorothy's Return,tt0884726,Fantasy
"2,2","Dirección
Tara Cardinal
Guión
Tara CardinalKim Pritekel
Reparto principal
Tara CardinalDavid MackeyRay Eddy",Tara CardinalKim Pritekel,"Durante mil años, los Reapers protegieron a la humanidad de los demonios que acechan en la oscuridad. Ahora, al comienzo de una nueva era, los Reapers son traicionados y masacrados. Sólo queda una Reaper: Red, y ella quiere vengarse.",Legend of the Red Reaper,tt0996958,Fantasy
"3,9",Desconocido,Jess KedwardJ.P. McCormickKirsty Peart,A diverse band of crayons strive to protect not only their magical multihued homeland but the imagination of children everywhere from a terrifying monster.,The Hero of Color City,tt0498351,Fantasy
"6,2","Dirección
Bobby CiraldoAndrew Swant
Guión
Andrew SwantBobby CiraldoWilliam Shakespeare
Reparto principal
Bobby CiraldoRobert Richard JorgeAndrew Swant",Andrew SwantBobby CiraldoWilliam Shakespeare,Hamlet is an easily distracted prince who is challenged to kill his uncle Claudius by the ghost of his recently dead dad. This bizarre sci-fi comedy features live-action characters in a colorful cartoon world.,Hamlet A.D.D.,tt0892062,Fantasy
"4,9","Dirección
Vince Di Meglio
Guión
Vince Di MeglioBrady Fischer
Reparto principal
Patrick LawlorKirstin LeighAudrey Lowe",Vince Di MeglioBrady Fischer,"A dark supernatural force is unleashed, spoiling a weekend trip.",Deadfall,tt0128158,Horror
"5,7",Desconocido,Kevin WilliamsonEhren Kruger,"Mientras Sidney y sus amigos visitan el set de Hollywood de Apuñalada 3, la tercera película basada en los asesinatos de Woodsboro, otro asesino, Ghostface, se presenta para aterrorizarlos.",Scream 3,tt0134084,Horror
"4,8",Desconocido,William MaloneDaniel ChubaDavid C. Wilson,La crónica de una operación de búsqueda y rescate por una nave interestelar médica con seis tripulantes en el siglo XXII.,Supernova,tt0134983,Horror
"7,0",Desconocido,Jim WheatKen WheatDavid Twohy,Una nave comercial y su tripulación quedan aislados en un planeta lleno de criaturas sedientas de sangre que cazan de noche.,The Chronicles of Riddick: Pitch Black,tt0134847,Horror
"7,2","Dirección
Doug TenNapel
Guión
Doug TenNapel
Reparto principal
Edward SchofieldDoug LangdaleJohn Frederick Jones",Doug TenNapel,"An earlier movie about the legendary character, The Mothman. This was filmed on location at two different places that he supposedly was seen.",Mothman,tt0137115,Horror
"7,6",Desconocido,Bret Easton EllisMary HarronGuinevere Turner,"Patrick Bateman, un rico ejecutivo de banca de inversión de Nueva York, esconde su ego psicopático alternativo de sus compañeros de trabajo y amigos al tiempo que profundiza en sus violentas fantasías hedonistas.",American Psycho,tt0144084,Horror
"6,8","Dirección
Shane Hawks
Guión
Shane Hawks
Reparto principal
Matthew ClarkKaitlin OlsonMatt Brundage",Shane Hawks,"Suffering from self-doubt, an artist is drawn into a terrifying surreal cult of inter-dimensional spirits, known as Feeders, when he witnesses a murder and burial in the woods.",Eyes to Heaven,tt0148120,Horror
"6,0","Dirección
Peter Filardi
Guión
Peter FilardiDavid St. Clair
Reparto principal
Vincent KartheiserChad ChristSabine Singh",Peter FilardiDavid St. Clair,"Basado en la historia real de las drogas, el satanismo y el asesinato en la ciudad de clase alta de Northport, Long Island, en 1984.",Ricky 6,tt0156020,Horror
"6,7",Desconocido,Alan MooreEddie CampbellTerry Hayes,"En la época del Londres victoriano, un detective de la policía clarividente investiga los asesinatos de Jack el Destripador.",From Hell,tt0120681,Horror
"3,4","Dirección
Grant Austin Waldman
Reparto principal
Brinke StevensBill RoddJoe Schofield",Brinke StevensBill RoddJoe Schofield,"A young woman named Victoria is bitten by a vampire and is entombed in a mausoleum by her husband. 120 years later, her tomb is disturbed by two hoodlums. She then awakens and goes on a murderous rampage.",Victoria's Shadow,tt0153533,Horror
"3,3","Dirección
Jay Woelfel
Guión
Scott Spears
Reparto principal
Richard HatchTim ThomersonCindi Braun",Scott Spears,"A group of hikers led by a college professor are searching the woods for an ancient Indian burial mound. When they discover a likely site, three members of the group reveal themselves to be grave looters, and tie up the others so they can keep the valuable artefacts for themselves. In the course of ransacking the mound, one of them stumbles across a cursed crown that ... Leer todo",Unseen Evil,tt0162030,Horror
"4,4",Desconocido,Adam SimonTim Metcalfe,"Over 20 years after his death by a gunshot, Jimmy Bones comes back as a ghost to wreak revenge on those who killed him and to clean up his neighborhood.",Bones,tt0166110,Horror
"3,0",Desconocido,Tommy Faircloth,"Two giggly high school lovebirds playfully throw pieces of bloody human brain at one another, then take a messy shower, in the latest horror flick out of South Carolina, which is fast becoming the Gruesome Gus capital of the world. The flick is called GENERATION AX, and it's HEATHERS meets SCREAM meets THE TEXAS CHEERLEADER MOM meets BONNIE AND CLYDE. Tommy Faircloth ... Leer todo",Generation Ax,tt0171339,Horror
"6,7",Desconocido,Marv WolfmanGene ColanDavid S. Goyer,"Blade forma una incómoda alianza con el consejo de vampiros para combatir a los reapers, que se alimentan de vampiros.",Blade II,tt0187738,Horror
"2,5","Dirección
David HillenbrandScott Hillenbrand
Guión
David HillenbrandScott Hillenbrand
Reparto principal
Nicholas BrendonJaime PresslyEugene Byrd",David HillenbrandScott Hillenbrand,Un grupo de adolescentes atrapados en una isla es perseguido por un demonio escondido dentro de una piñata.,Survival Island,tt0201844,Horror
"3,9",Desconocido,Debra HillJohn CarpenterLarry Brand,"Tres años después de haber aterrorizado a su hermana, Michael Myers la confronta nuevamente, antes de viajar a Haddonfield para tratar con el elenco y el equipo de un reality show que se está transmitiendo desde su antigua casa.",Halloween: Resurrection,tt0220506,Horror
"5,7","Dirección
Brian Yuzna
Guión
José Manuel GómezH.P. LovecraftMiguel Tejada-Flores
Reparto principal
Jeffrey CombsTommy Dean MussetJason Barry",José Manuel GómezH.P. LovecraftMiguel Tejada-Flores,"Después de 13 años en prisión, un científico loco tiene una nueva oportunidad de experimentar con la llegada de un joven médico de la prisión, que secretamente espera aprender a reanimar a los muertos.",Beyond Re-Animator,tt0222812,Horror
"4,3","Dirección
Pat Bermel
Guión
Pat BermelNeil Bermel
Reparto principal
Lance HenriksenChristopher ShyerStellina Rusich",Pat BermelNeil Bermel,"Six people are invited to a remote island by a famous horror author for dinner. He reveals that he poisoned everyone, just as he was having his own epiphany. In order to get the antidote, each person must confess their lies.",The Invitation,tt0248110,Horror
"6,0",Desconocido,Rob Zombie,Dos jóvenes parejas que viajan por Texas buscando macabras leyendas urbanas acaban cautivos a manos de una familia de sádicos asesinos en serie.,House of 1000 Corpses,tt0251736,Horror
"3,9",Desconocido,Esben Storm,"Eleven souls, trapped in an underground carpark, are attacked by deadly, remote controlled toys. Only a few will survive.",Subterano,tt0255623,Horror
"3,8","Dirección
Allan A. Goldstein
Guión
Peter JobinRon RaleyOscar Wilde
Reparto principal
Malcolm McDowellEthan EricksonVictoria Sanchez",Peter JobinRon RaleyOscar Wilde,A modern retelling of the Oscar Wilde novel.,Dorian,tt0258534,Horror
"5,2","Dirección
Dominik Alber
Guión
Thomas Grob
Reparto principal
Marzio FreiCristina MaxwellTony Travis",Thomas Grob,"When Anita, the police commissioner's wife, is found dead and disfigured in the bathtub, Lieutenant Braque initiates an all-out manhunt to find the commissioner. But, soon it becomes apparent to investigators that nothing is as it seems. The victim's diary is full of shocking entries, including details to an unsolved hit-and-run case; an unsolved murder that seems to ... Leer todo",Frost,tt0202360,Horror
"5,1",Desconocido,William Peter BlattyWilliam WisherCaleb Carr,"Años antes de que el padre Lankester ayudara a salvar el alma de Regan, se encuentra por primera vez con el demonio Pazuzu en África Oriental.",Exorcist: The Beginning,tt0204313,Horror
"5,2","Dirección
Adrian Garcia Bogliano
Guión
Adrian Garcia BoglianoRamiro García Bogliano
Reparto principal
Jimena KroucoElena SirittoLucrecia Federico",Adrian Garcia BoglianoRamiro García Bogliano,"Five city girls must spend the night in an isolated town within the province of Buenos Aires, where they will find out more than what the flesh and bone can stand: the most violent side of local hospitality.",Habitaciones para turistas,tt0286669,Horror
"5,0",Desconocido,Jeff BurrMark Hannah,"When two young American GIs desert their platoon in the final days of World War II, they will find themselves struggling against all odds to stay alive.",Straight Into Darkness,tt0287733,Horror
"5,1",Desconocido,Kevin Williamson,"Un hombre lobo suelto en Los Ángeles cambia la vida de tres jóvenes que, tras ser mutilados por la bestia, aprenden que deben matarla para evitar convertirse ellos mismos en hombres lobo.",Cursed,tt0257516,Horror
"5,3",Desconocido,Chris KobinTim SullivanChris Kobin,"Eight college students travelling to Florida for Spring Break stumble into a remote town in Georgia, where they are set upon by the residents.",2001 Maniacs,tt0264323,Horror
"4,7","Dirección
Jeff BurrDavid DeCoteau
Guión
Neal Marshall Stevens
Reparto principal
Jaason SimmonsBen GouldHaven Burton Paschall",Neal Marshall Stevens,Edited versions of both Frankenstein Reborn. and The Werewolf Reborn!.,Frankenstein & the Werewolf Reborn!,tt0267506,Horror
"4,5","Dirección
Jeff Kennedy
Guión
Jeff KennedyDJ Perry
Reparto principal
DJ PerryMichael Melik BrownDavid Borowicz",Jeff KennedyDJ Perry,"When young Arthur is handed a mysterious comic book on Halloween night, little does he know that its hold on him will blur the lines of reality that have kept him blissfully ignorant of the danger our sister planet presents.",From Venus,tt0274509,Horror
"2,9","Dirección
Barrett J. LeighThom Maurer
Guión
Barrett J. LeighH.P. LovecraftThom Maurer
Reparto principal
George PeroulasFountain YountGregory Fawcett",Barrett J. LeighH.P. LovecraftThom Maurer,A man is held in an asylum for murdering his family. A young intern at the asylum suspects an even darker force connected to the man.,Beyond the Wall of Sleep,tt0279688,Horror
"3,8",Desconocido,Dave Campfield,"When a dead body turns up, a local group of Satanists seem the most likely suspects. With the help of a friend, a criminal law student decides to conduct his own investigation by placing his neighbors under 24/7 video surveillance.",Under Surveillance,tt0287072,Horror
"5,2","Dirección
Craig Griffith
Guión
Craig Griffith
Reparto principal
Paul McCarthyMichael LangridgeRoz Povey",Craig Griffith,"A psychological horror detailing one man's journey into obsession, madness, fear and death.",Through the Looking Glass,tt0320626,Horror
"3,8","Dirección
Christopher Coppola
Guión
Adrienne Stout
Reparto principal
Fort AtkinsonLynda CarterStephanie Dees",Adrienne Stout,"A dark secret is held by a small desert town. When two men arrive to receive a mysterious inheritance, they discover not only more about their pasts but their present ties to an ancient prophecy. Will they be able to put aside their own differences before the mysterious creature killing residents comes after them too?",The Creature of the Sunny Side Up Trailer Park,tt0328899,Horror
"3,5","Dirección
Dante Tomaselli
Guión
Dante Tomaselli
Reparto principal
Felissa RoseSalvatore Paul PiroDanny Lopes",Dante Tomaselli,Satan's Playground is a chiller with a vacationing family lost in the woods and the Jersey Devil lurking in the Pine Barrens.,Satan's Playground,tt0331334,Horror
"5,7","Dirección
Doris Wishman
Guión
Doris Wishman
Reparto principal
Tiffany ParaltaRob VidalLisa Ferber",Doris Wishman,A shy high school senior (Paralta) finds a magic locket that will allow her to trade one physical feature with anyone she murders.,Each Time I Kill,tt0317401,Horror
"3,7","Dirección
Tony Urban
Guión
Tony Urban
Reparto principal
Nathan FaudreeKristin AbbottPatricia Bellemore",Tony Urban,"The ""Overlook Animal Research Laboratory"" has long been working on genetic engineering without any trouble. That all changes one night when two would be animal liberators set free a test rabbit, not knowing that the bunny's genes have gone haywire. On the loose, the vicious little beast soon attacks a farmer - Hans Kottentail. Hans quickly begins to change. He grows f... Leer todo",Kottentail,tt0361724,Horror
"3,9","Dirección
Ramzi Abed
Guión
Ramzi Abed
Reparto principal
Kristen KerrLizzy StrainTrent Haaga",Ramzi Abed,"""The Devil's Muse"" takes a stark look at one of Hollywood's darkest mysteries, The Black Dalia (Elizabeth Short) Murder.",The Devil's Muse,tt0372005,Horror
"4,0","Dirección
Rusty ApperDavid BooneJosh Card
Guión
Rusty ApperDrew EnglishNicolai Ketelsen
Reparto principal
Claire Ross-BrownKim SønderholmSally Wells Cook",Rusty ApperDrew EnglishNicolai Ketelsen,"Nine tales of human cruelty, nine tales of human depravity, nine tales of true horror",The Horror Vault,tt0369424,Horror
"5,4",Desconocido,Sebastian GutierrezYuet-Jan HuiOxide Chun Pang,Una mujer recibe un trasplante de ojos que le permite ver el mundo sobrenatural.,The Eye,tt0406759,Horror
"2,6","Dirección
Lonnie Schuyler
Guión
Jon HazellLonnie Schuyler
Reparto principal
Tim AndersonJon HazellNick Murray",Jon HazellLonnie Schuyler,A documentary filmmaker and her crew fight the elements and try to cope with their fears as they seek to understand the strange mystery of a flooded island where hundreds have died.,Beneath the Mississippi,tt0429658,Horror
"4,6",Desconocido,Kenneth GustAlex KeirGeorge Scileppi,"When a television psychic begins to get real results, the cast and crew of the show find themselves trapped by vengeful spirits.",Death's Door,tt0439536,Horror
"6,4","Dirección
Louis Paul Tocchet
Guión
John ChuaJames ReachLouis Paul Tocchet
Reparto principal
Andrea BogartJenna LamiaBre Blair",John ChuaJames ReachLouis Paul Tocchet,"When a young pledge dies during initiation, her sister and brother conspire to have their revenge on the reckless college students responsible for her death.",Something's Wrong in Kansas,tt0443648,Horror
"5,0",Desconocido,Jace AndersonAdam GieraschE.L. Katz,A young woman tries to find her injured boyfriend in a bizarre and dangerous hospital.,Autopsy,tt0443435,Horror
"5,9",Desconocido,Frank SpotnitzChris Carter,Mulder y Scully son llamados de nuevo al servicio por el FBI cuando un antiguo sacerdote afirma estar recibiendo visiones psíquicas relacionadas con un agente secuestrado.,The X Files: I Want to Believe,tt0443701,Horror
"4,7","Dirección
Juraj Herz
Guión
Martin NemecJuraj Herz
Reparto principal
Ivan FranekLenka KrobotováMalgorzata Kozuchowska",Martin NemecJuraj Herz,A man leaves his busy city life for the peace of the country home where he spent his early childhood. His new life is soon disturbed by strange events.,T.M.A.,tt0289146,Horror
"4,1","Dirección
Julio Cesar Estrada
Guión
Julio Cesar EstradaGustavo MohenoEnrique Renteria
Reparto principal
Ludwika PaletaPlutarco HazaEvangelina Sosa",Julio Cesar EstradaGustavo MohenoEnrique Renteria,"Julieta is a young child psychologist hired by millionaire Eugenio Ruvalcaba, to work with his only daughter, Sylvia, who has severe emotional problems, while staying in their isolated island mansion. Once there, she finds out there's much more to Sylvia's imaginary friend than what everybody knows... and the results can be horrifying...",El libro de piedra,tt0353665,Horror
"5,4",Desconocido,Michael PetroniWon-mi ByunMin-ho Song,"Jess tiene la desgracia de ver cómo su marido y el hermano de éste caen en coma tras un accidente de coche. Cuando su cuñado despierta, le dice a ella que él es realmente su marido. Ella deberá entender qué es lo que realmente sucede.",Possession,tt0368563,Horror
"7,0","Dirección
Solomon Mortamur
Guión
Solomon Mortamur
Reparto principal
Ken MillerGunnar HansenLinnea Quigley",Solomon Mortamur,,It Came from Trafalgar,tt0425141,Horror
"7,6","Dirección
July Massaccesi
Guión
Fernando BarrientosEdgardo Sosa
Reparto principal
Gastón PaulsEsther GorisIngrid Pelicori",Fernando BarrientosEdgardo Sosa,,Cabeza de pescado,tt0431670,Horror
"6,4",Desconocido,Michael SpierigPeter Spierig,"En 2019, una plaga ha convertido a casi todos en vampiros. Dado el poco suministro de sangre, la raza dominante planea su supervivencia; mientras, un investigador trabaja con un grupo de vampiros encubiertos para salvar a la humanidad.",Daybreakers,tt0433362,Horror
Desconocido,"Dirección
Fredy Polania
Guión
Fredy Polania
Reparto principal
AdiPercy AlexanderMarek Ameriks",Fredy Polania,"Twenty bands unite from around the world for one film. Twenty months of filming, struggles and peace. Twenty visions one director.",Cabras,tt0436154,Horror
"5,3","Dirección
Joel Schumacher
Guión
David Kajganich
Reparto principal
Henry CavillDominic PurcellEmma Booth",David Kajganich,Un hombre y su hermano en una misión de venganza quedan atrapados en un terrible experimento sobrenatural que data del Tercer Reich.,Town Creek,tt0450336,Horror
"7,0","Dirección
Joaquin Perea
Guión
Robert ShawJoaquin Perea
Reparto principal
Danny TrejoB-RealElika Crespo",Robert ShawJoaquin Perea,"When 6 strangers meet at an abandoned resort off the coast in Baja Mexico, they are thrown into a nightmare confontation from which there may be no escape.",The Devil Inside,tt0436230,Horror
"6,5",Desconocido,Patrick Senécal,"A doctor seeks revenge by kidnapping, torturing and killing the man who raped and murdered his young daughter.",Les 7 jours du talion,tt0445054,Horror
"6,5",Desconocido,Scott KosarRay WrightGeorge A. Romero,"Después de un extraño accidente aéreo, un virus se adentra en una localidad agrícola tradicional. Una pareja joven en cuarentena lucha por sobrevivir, no sin algo de ayuda.",The Crazies,tt0455407,Horror
"4,0",Desconocido,James Felix McKenney,"Inspired from the golden age of religious cinema, Satan Hates You is a graphic horror film that tells the stories of a brother and sister and their personal struggles with the ultimate evil: Lucifer himself!",Satan Hates You,tt0462516,Horror
"4,0","Dirección
Josef Rusnak
Guión
Hilde Eynikel
Reparto principal
Jesse BradfordSienna GuilloryScot Williams",Hilde Eynikel,About college students that experience horrifying visions from the past while undergoing a fraternity initiation.,Perfect Life,tt0479204,Horror
"4,1","Dirección
Ryan McKinney
Guión
Regan McKinneyRyan McKinney
Reparto principal
Lou Diamond PhillipsMegan WardEllen Albertini Dow",Regan McKinneyRyan McKinney,"A young married couple who are pregnant with their first child moves into their turn-of-the-century home where they discover that a great evil has resided there for nearly a century, unleashed by a previous occupant.",The Invited,tt0490236,Horror
"3,2","Dirección
John Harwood
Guión
Paul ClincoJohn Harwood
Reparto principal
Crystal DayElizabeth Ann BennettJason Hamer",Paul ClincoJohn Harwood,"An ancient inheritance binds the Naibert sisters to their grandmother's estate until they start disappearing one by one, leaving clues in the manor's mirrors.",The Passing,tt0451154,Horror
"4,4","Dirección
Chad ArchibaldGabriel Carrer
Guión
Chad ArchibaldRy BarrettGabriel Carrer
Reparto principal
Ry BarrettJennifer De LuciaPete Soltesz",Chad ArchibaldRy BarrettGabriel Carrer,"Six strangers awake to find themselves the new tenants of a mysterious old house. Terrorized by insane Tiki-men in masks and taunted by their deranged captors,it soon becomes clear that only one singular action will save them: Kill.",Kill,tt0772179,Horror
"4,1",Desconocido,Marko MäkilaaksoBarr B. Potter,A platoon of American and Finnish soldiers is driven deep into a Russian forest where its Captain discovers a terrifying secret.,War of the Dead,tt0780645,Horror
"5,7",Desconocido,Cory GoodmanMin-Woo Hyung,Un sacerdote desobedece la ley eclesiástica para perseguir a los vampiros que secuestraron a su sobrina.,Priest,tt0822847,Horror
"5,5",Desconocido,Darrin CummingsChristopher DyeJoe Knee,"When DEA agents are called to a beach crime scene, they discover a missing college girl drifting alone in a drug-runners boat. As she recalls her island trip of a lifetime, the investigation begins to unravel a spring break adventure that took a lethal dive into drugs, betrayal, and murder. Attempting to solve the mystery, catch the smugglers, and find the missing tee... Leer todo",Immortal Island,tt0858422,Horror
"6,1",Desconocido,Kevin Smith,"El realizador Kevin Smith se pasa al cine de terror psicológico con un historia que se centra en una secta inspirada en la figura real de Fred Phelps, el líder de un grupo religioso extremista que se hacía llamar la Iglesia Bautista Westboro.",Red State,tt0873886,Horror
"2,6","Dirección
LazRael Lison
Guión
LazRael Lison
Reparto principal
Leslie EasterbrookRichmond ArquetteTom Wright",LazRael Lison,"Several college students are brutally murdered in a small college town and the killer is still on the loose. In an attempt to seek the truth, a journalism student misguidedly finds herself in a storm of intrigue, jealousy, devil worship, and the haunting of misunderstood forces that roam the college town. Will she discover the town's long buried secrets? Or will she f... Leer todo",Rift,tt0875613,Horror
"5,9",Desconocido,Juliet SnowdenStiles WhiteLeslie Gornstein,"Una niña compra una caja antigua, sin saber que dentro vive un espíritu malvado que destruye la vida de quienes la poseen. El padre de la niña y la propia niña deberán encontrar la manera de terminar con esa maldición.",The Possession,tt0431021,Horror
"5,4",Desconocido,Maria Grimm,9 college students on road trip get waylaid and wind up in deep trouble.,Bad Blood,tt0495024,Horror
"4,5",Desconocido,Bradley Rust Gray,Diane's feelings for Jack -- the girl she met over the summer -- begin to manifest themselves in terrifying ways when she learns that her friend will soon be moving away.,Jack & Diane,tt0850677,Horror
"4,9",Desconocido,M.J. BassettLaurent HadidaHiroyuki Owaku,"Tras la desaparición de su padrastro, Sharon se encuentra en una aterradora realidad alterna que acoge las respuestas a las pesadillas que la han acechado desde niña.",Silent Hill: Revelation,tt0938330,Horror
"3,8","Dirección
Paul Sampson
Guión
Paul Sampson
Reparto principal
Paul SampsonDavid CarradineUdo Kier",Paul Sampson,"Medieval knight Lord Gregoire, who has been betrayed by his own advisor and warriors for an abundance of gold and riches, vows that after these traitors revel in ten life-times of excess, he will have his bloody revenge.",Night of the Templar,tt0768222,Horror
"6,3","Dirección
David Jetre
Guión
David Jetre
Reparto principal
Charles BakerDylan BarthCarlos Benitez",David Jetre,In 1862 a Dutch widow travels to the Old West to discover the fate of her husband and learn the horrible secret of the town in which he died.,Shroud,tt0963948,Horror
"2,8","Dirección
Ahmed Zain
Guión
Ibrahim Bin Mohamed
Reparto principal
Khalid Al NuaimiYaser Al-NeyadiAbdullah Alramsi",Ibrahim Bin Mohamed,A guys' getaway to one of their grandmother's farm in the desert goes from fun to frightening when a mystery guest crashes the party.,Grandmother's Farm,tt10033686,Horror
Desconocido,Desconocido,Desconocido,,Fantasia 2,tt10121164,Horror
"5,6","Dirección
David Worth
Guión
David OmanJim Vines
Reparto principal
James Aaron OliverJonathan MangumAlison Raimondi",David OmanJim Vines,The aftermath of the Manson Murders the victims of their heinous vrimes comes to a man that just built a home 150' from where they died! Now the spirits of these victims infest David Oman's home on Cielo Dr.,House at the End of the Drive,tt0464054,Horror
"5,7","Dirección
Wim Wenders
Guión
Nicholas KleinBono
Reparto principal
Jeremy DaviesMilla JovovichMel Gibson",Nicholas KleinBono,Tragicómica y romántica novela de policía ambientada en un hotel en ruinas que acoge a personas con enfermedades mentales demasiado pobres para pagar un seguro médico.,The Million Dollar Hotel,tt0120753,Mystery
"6,4","Dirección
Keith Gordon
Guión
Scott SpencerRobert Dillon
Reparto principal
Billy CrudupBill HauglandNelson Landrieu",Scott SpencerRobert Dillon,"A congressional candidate questions his sanity after seeing the love of his life, presumed dead, suddenly emerge.",Waking the Dead,tt0127349,Mystery
"4,7",Desconocido,Brendan Beseth,"Kirsten Dunst plays a young woman (Lidda), who is searching for her father (James Caan). She finds herself at odds with her boyfriend who wants nothing but a carefree lifestyle.",Luckytown,tt0160495,Mystery
"5,5",Desconocido,Ron BassDavid Field,A psychological romantic thriller where fantasy and reality become indistinguishable for a woman leading a double life in her dreams.,Passion of Mind,tt0160644,Mystery
"5,5",Desconocido,Shawn David ThompsonWilliam Quist,"Four friends steal a valuable statuette for a dangerous black market art dealer, lose it, and are forced to play a deadly bluffing game to save their lives.",Four Dogs Playing Poker,tt0160289,Mystery
"6,6",Desconocido,Clark GreggSarah Kernochan,"La esposa de un investigador universitario cree que su casa en el lago de Vermont está embrujada por un fantasma, o que está perdiendo la cabeza.",What Lies Beneath,tt0161081,Mystery
"4,9",Desconocido,Alan RudolphJohn Binder,"An eccentric, unconventional woman whose naive aspirations to rise from her job as a security guard to full-fledged private eye lead her into a tangled PL: mess.",Trixie,tt0162711,Mystery
"6,4",Desconocido,Robert HarrisTom Stoppard,Un joven genio corre frenéticamente contra el tiempo para descifrar un código enemigo y resolver el misterio que rodea a la mujer que ama.,Enigma,tt0157583,Mystery
"6,1",Desconocido,Philip K. DickScott RosenbergCaroline Case,"En el futuro, una raza alienígena utiliza androides como bombas para atacar la Tierra. Un especialista en armamento del Gobierno es acusado de ser uno de esos androides y se propone demostrar su inocencia.",Impostor,tt0160399,Mystery
"5,1","Dirección
Ron Chartier
Guión
Anthony HarrisonRon Chartier
Reparto principal
G. Patrick CurrieHolly FergusonRon Sauvé",Anthony HarrisonRon Chartier,"A psychological drama. It is the story of a young man who, through a series of surreal visions, comes to believe that he is a serial killer targeting pedophiles. The film explores the consequences of someone taking action on such familiar impulses as ""If any one of those creeps ever tried to touch one of my kids, I'd..."" The killer is pursued by the unconventional Ins... Leer todo",Dark Water,tt0163596,Mystery
"7,9",Desconocido,David Lynch,"Tras un accidente en Mulholland Drive, una mujer amnésica y una aspirante a actriz recorrerán Los Ángeles buscando respuestas en un viaje más allá de los sueños y la realidad.",Mulholland Drive,tt0166924,Mystery
"5,4","Dirección
Tripp Reed
Guión
Sean McGinly
Reparto principal
Tommy Redmond HicksJack ConleyBarbara Alyn Woods",Sean McGinly,"Trust, loyalty and betrayal. Don't even trust your best friend! Policeman Stevie Grimes never lost his trust in the police force but has been suspended a few months for accidentally shooting and killing a young boy. Because of lack of evidence in court and with some help from his former partner, Stevie soon finds himself working as a policeman again. When Stevie retur... Leer todo",The Confidence Man,tt0179735,Mystery
"5,8",Desconocido,George Dawes Green,Un hombre que vive en una cueva se propone localizar al asesino de un niño sin hogar y llevarlo ante la justicia.,The Caveman's Valentine,tt0182000,Mystery
"7,7",Desconocido,Desconocido,"A young man is hired to drive a truckful of crates into a remote area and is told that once there he only has to do one thing, wait until daybreak.",Daybreak,tt0128154,Mystery
"7,6",Desconocido,Scott FrankJon CohenPhilip K. Dick,"En un futuro donde una unidad especial de la policía puede arrestar a asesinos antes de que cometan sus delitos, un oficial de esa unidad es acusado de un futuro asesinato.",Minority Report,tt0181689,Mystery
"7,3",Desconocido,Desconocido,"Focusing on the journey a young writer takes in his mind, how he may overcome his insomnia through strange hallucinations, with great friends and daring inspiration.",Dead Man's Dream,tt0184387,Mystery
"5,2",Desconocido,Victoria Strouse,Un sheriff investiga la sobredosis de drogas casi fatal de una estudiante universitaria y descubre muchos detalles sórdidos de su vida antes y durante su descenso a las drogas y el libertinaje.,New Best Friend,tt0191074,Mystery
"5,7",Desconocido,Desconocido,,Last Seen,tt0220607,Mystery
"7,0",Desconocido,Tony Gayton,"Después de un trágico incidente, un hombre se adentra en un mundo poblado por matones y adictos a la velocidad.",The Salton Sea,tt0235737,Mystery
"5,0",Desconocido,Stephen BowlesPeter A. Zorn Jr.,"When a young Japanese woman is found murdered outside a small Florida town in December of 1941, hard-drinking police chief John Haleran sets out to unravel the mystery. A trail of cryptic clues leads him to a nearby U.S. military base, where he learns that what appears to be a simple homicide is actually far more ominous. In fierce pursuit of the truth and unwittingly... Leer todo",Florida City,tt0241453,Mystery
"7,7","Dirección
Juan Pablo Reinoso
Guión
Juan Pablo ReinosoR. Dale Whisman
Reparto principal
Milton BerryGretchen BieberBilly Brakhage",Juan Pablo ReinosoR. Dale Whisman,"A young Korean War veteran returns home to find his parents have died and his wife has left him for another man. With no known family, he leave his California roots for middle America in search of what may be a distant cousin. When he arrives he finds that the cousin has been missing for your years, leaving behind a wife and five daughters living in a small town full ... Leer todo",Down the Road,tt0296604,Mystery
"5,2",Desconocido,Richard Price,Un detective de policía negro debe resolver un extraño caso de un niño secuestrado y hacer frente a una gran protesta racial.,Freedomland,tt0349467,Mystery
"5,4","Dirección
Adrian Rudomin
Guión
Adrian Rudomin
Reparto principal
Christopher LambertBlanca MarsillachBrian Blessed",Adrian Rudomin,"Set in the 16th century, a sheriff working on a series of murders has to choose between his conscience and protecting his family when he's tied to the crimes.",Day of Wrath,tt0353357,Mystery
"7,5",Desconocido,Guillaume CanetHarlan CobenPhilippe Lefebvre,Un descubrimiento accidental cerca de la propiedad de un doctor reabre las dolorosas heridas abiertas hace 8 años con el asesinato de su esposa.,Ne le dis à personne,tt0362225,Mystery
"6,0",Desconocido,Frank PattersonThomas L. CallawayDan Golden,"Two friends work by removing animal bones, one day they find a disturbing finding that will change the way they see themselves and their friendship.",Broke Sky,tt0337899,Mystery
"4,6",Desconocido,Larry CohenJoseph Tura,"Un hombre y una mujer se despiertan y se encuentran atrapados en un sótano. Mientras su secuestrador los vuelve locos, se revela la verdad sobre su horrible secuestro.",Captivity,tt0374563,Mystery
"4,9",Desconocido,Sebastian Gutierrez,"A reporter wakes up in a morgue and finds herself a member of the undead, before vowing revenge against the sect which put her there.",Rise,tt0389328,Mystery
"3,5","Dirección
James P. Lay
Guión
James P. LayKenny SaylorsKyle Saylors
Reparto principal
Jackie KreislerShane ElliottJonathan Breck",James P. LayKenny SaylorsKyle Saylors,"Meghan and Dylan are crossing the Nevada desert in an old car to visit her foster parents, and Meghan sees a little girl alone in the desert. They stop at the ""Little A'Le'Inn"" diner, a weird place decorated with alien motif, to eat a hamburger with milkshake and they have a conversation with the bartender Blake, who tells stories about UFOs. They leave the diner and ... Leer todo",Dreamland,tt0391095,Mystery
"5,9",Desconocido,Gary Scott Thompson,"El día en que se supone que deben ejecutar a un asesino en serie que ayudó a encerrar, un destacado psicólogo forense y profesor universitario recibe una llamada informándole que le quedan 88 minutos de vida.",88 Minutes,tt0411061,Mystery
"7,0",Desconocido,Georges SimenonBéla TarrLászló Krasznahorkai,"Tras presenciar un asesinato durante su turno de noche como guardagujas ferroviario, un hombre encuentra un maletín lleno de dinero. Mientras él y su familia mejoran su nivel de vida, otros empiezan a buscar el maletín desaparecido.",A londoni férfi,tt0415127,Mystery
"6,3",Desconocido,Kent HarperJennifer Lynch,Two FBI agents attempt to clarify the murders occurring in a desolate region. They approach the witnesses of the latest incident with the help of the local police. All of them hide something and all have wildly different stories to tell.,Surveillance,tt0409345,Mystery
"6,1",Desconocido,Carlos Brooks,Un periodista de radio semiparalizado es enviado a investigar una historia que lo lleva a un viaje de autorrealización.,Quid Pro Quo,tt0414426,Mystery
"3,6","Dirección
Dusty DePree
Guión
Dusty DePreeRon Jordan
Reparto principal
Carol DennisRon JordanReggie Lee",Dusty DePreeRon Jordan,"On a Saturday morning, Frances jolts awake from a frightening dream. That afternoon, while on a road trip with four friends, a bizarre chain of events leads her to a secluded house where a little girl lives with a man she refers to only as, ""The Doctor"". Here, Frances uncovers grisly horrors the little girl is subjected to and as Frances fights to save her young soul,... Leer todo",Dimples,tt0447927,Mystery
"5,8",Desconocido,Ronnie Christensen,"Una terapeuta especializada en tratar el duelo, que trabaja con un grupo de supervivientes de un accidente aéreo, se ve inmersa en un misterio cuando sus clientes empiezan a desaparecer uno a uno.",Passengers,tt0449487,Mystery
Desconocido,"Dirección
Arthur J. Mangano
Guión
Arthur J. Mangano
Reparto principal
Tony DevonLori SingletonMark Dermott",Arthur J. Mangano,A New York newspaperman tracks clues to his missing sister in a small unfriendly hillbilly town.,Moonlight Blade,tt0121569,Mystery
"6,1",Desconocido,Arnold BucherIvan EnglerPatrik Steinmann,"Dr. Laura P. takes a job on a cargo spaceship for 4 years plus 4 years back. She'll join her sister on Rhea. 44 months later, in Laura's shift, strange things happen in cargo. The crew is reanimated and the captain dies mysteriously.",Cargo,tt0381940,Mystery
"4,5","Dirección
Robin Christian
Guión
Robin Christian
Reparto principal
Steffany HuckabyAmanda TroopEddie Jones",Robin Christian,"A distraught college student finds a phone that enables her to talk to her deceased mother in the past. Instead of a heart attack, she learns that her mother was murdered. She tries to use the phone to stop the murder from occurring before the killer finds and kills her too.",Disconnect,tt0419692,Mystery
"6,2",Desconocido,Peter BergJames VanderbiltAndy Diggle,"Un equipo de fuerzas especiales de la CIA es traicionado y dado por muerto por sus superiores, motivándoles a organizar una ofensiva contra la agencia.",The Losers,tt0480255,Mystery
"4,7",Desconocido,Wes Craven,Un asesino en serie regresa a su ciudad natal para acechar a siete niños que nacieron en la fecha en la que supuestamente lo enterraron.,My Soul to Take,tt0872230,Mystery
"4,4","Dirección
Andrew Shortell
Guión
Lawrence Robinson
Reparto principal
Cary ElwesSara FosterMichael Biehn",Lawrence Robinson,"Working alone at night in a recently closed hospital, an unstable woman witnesses events that may be connected to a string of murders.",Psych:9,tt0901504,Mystery
"6,9",Desconocido,Eric RothJonathan Safran Foer,"Basada en la elogiada novela del mismo título, cuenta la historia de la odisea de un chico que empieza con una pérdida desgarradora y termina con el poder curativo del auto-descubrimiento. Los trágicos sucesos del 11 de septiembre sirven como telón de fondo a este relato.",Extremely Loud & Incredibly Close,tt0477302,Mystery
"5,6",Desconocido,Brian Patrick O'TooleJohn AglialoroAyn Rand,El ejecutivo Dagny Taggart y el magnate Henry Rearden forman una alianza para luchar contra el gobierno autoritario de los Estados Unidos.,Atlas Shrugged: Part I,tt0480239,Mystery
"5,3",Desconocido,Ryan CombsFabian Carrillo,"The ""Latin Dragon"" does it again this roller coaster ride of martial arts action. Police Detective Bobby Giovanni's wife has been murdered, his children taken into care and he wants revenge.",Double Tap,tt0490847,Mystery
"4,7",Desconocido,Cory EdwardsTodd EdwardsTony Leech,"Red Riding Hood is training in the group of Sister Hoods, when she and the Wolf are called to examine the sudden mysterious disappearance of Hansel and Gretel.",Hoodwinked Too! Hood vs. Evil,tt0844993,Mystery
"6,3",Desconocido,Andreas ReisenbauerKawo RelandRichard Mahr,,Katharsis,tt0865911,Mystery
"7,5","Dirección
John W. Kim
Guión
John W. Kim
Reparto principal
Burt BulosEmily Marie GrantLila Green",John W. Kim,"RAYMOND WEIR is a shut in computer genius surviving in the post dot-com era. Disabled as a result of a home invasion that took the life of his late wife, SARAH, Raymond sits in his makeshift apartment above a run down bar, over medicated, mourning her loss and contemplating suicide. His only contact with the world, besides his close friend PAUL are the three computer ... Leer todo",Blur,tt0893310,Mystery
"6,2",Desconocido,Eric HeissererJohn W. Campbell Jr.,Un centro de investigación de la Antártida descubre una nave alienígena que enfrenta a la estudiante graduada Kate Lloyd y al científico Dr. Sander Halvorson.,The Thing,tt0905372,Mystery
"7,1",Desconocido,Joelle ToumaZiad DoueiriYasmina Khadra,Un cirujano Palestino que vive en Tel Aviv descubre un oscuro secreto sobre su esposa después de un atentado suicida.,The Attack,tt0787442,Mystery
"6,0",Desconocido,Shashi BaloojaCaytha Jentis,You're ambitious and want to be a player in the New York City political arena. Be careful what you wish for.,Exposed,tt0907852,Mystery
"4,5",Desconocido,Brannon CoombsPete Dris,"Un millón de dólares solo por entregar un maletín ... Es un trabajo demasiado bueno para ser verdad, especialmente si eres El Mensajero, un portador temerario reconocido por asumir misiones imposibles que nunca se ha fallado una entrega.",The Courier,tt0995845,Mystery
"3,3",Desconocido,Alex Michaelides,The daughter of once famous actress is faced with her mother's dark past.,The Devil You Know,tt0463960,Mystery
Desconocido,"Dirección
Cosmotropia de Xam
Reparto principal
AuraCosmotropia de Xam",AuraCosmotropia de Xam,,Hollywood Necronomicon,tt10039528,Mystery
"6,1",Desconocido,Marilyn FuSteven Millhauser,"When a teenage girl says she's the victim of a secret network called The Sisterhood of Night, a quiet suburban town becomes the backdrop for a modern-day Salem witch trial.",The Sisterhood of Night,tt1015471,Mystery
"6,4",Desconocido,Richard PriceTom Rob Smith,Un miembro caído en desgracia de la policía militar rusa investiga una serie de asesinatos de niños durante la época de Stalin en la Unión Soviética.,Child 44,tt1014763,Mystery
"5,6",Desconocido,Tom JonesHarvey Schmidt,A mysterious fair that comes to a small community in the countryside could make real the illusions of two teenagers.,The Fantasticks,tt0113026,Romance
"5,4","Dirección
Bruno Nuytten
Guión
Bruno Nuytten
Reparto principal
Gérard LanvinCharlotte GainsbourgEric Ruf",Bruno Nuytten,"Faustine,now an adult ,wants to know all about her father's death;she learns he was once in love with a fifteen-year-old girl ,Alice .",Passionnément,tt0119866,Romance
"6,9",Desconocido,Bonnie HuntDon LakeAndrew Stern,A man who falls in love with the woman who received his wife's heart must decide which woman it is who holds his heart.,Return to Me,tt0122459,Romance
Desconocido,Desconocido,Desconocido,Desconocido,Deep Blue,tt0124359,Romance
"4,5",Desconocido,Michael LaughlinBuck Henry,Two loving middle aged couples get caught in a series of marital misadventures over reasons of fidelity.,Town & Country,tt0141907,Romance
"7,0","Dirección
Yuri Biersach
Guión
Yuri Biersach
Reparto principal
Susannah ToddKent BurnhamEdgar Garcia",Yuri Biersach,An aspiring magazine writer gets the assignment of a lifetime.,Long Lost Love,tt0160480,Romance
Desconocido,Desconocido,Desconocido,,Tangoed Lives,tt0139479,Romance
"4,4","Dirección
Cherry Norris
Guión
Cherry Norris
Reparto principal
Lauren SinclairPaul SatterfieldEric Gustavson",Cherry Norris,"In order to build her relationship skills, a woman is assigned to duty date three men.",Duty Dating,tt0160239,Romance
"6,1",Desconocido,John WalshCynthia Kaplan,"A lonely plumber poses as a director to meet women, and the writer whose script he's stolen builds on his ruse to get her movie made.",Pipe Dream,tt0164810,Romance
"6,0","Dirección
Richard Greenberg
Guión
Richard GreenbergWally Nichols
Reparto principal
Brent RoamShawn WoodsChristopher Bersh",Richard GreenbergWally Nichols,"Un asesino estadounidense, que trabaja para cárteles en América Latina, está de regreso en Estados Unidos. Consigue una mujer antes de cada trabajo y la mata después. El FBI está sobre él, pero tiene curiosidad por su próximo gran trabajo.",Desert Saints,tt0167116,Romance
"6,6",Desconocido,Brad Silberling,"Mientras lidia con la muerte de su prometida, un joven se hace amigo de los padres de ella y debe averiguar qué quiere de la vida.",Moonlight Mile,tt0179098,Romance
Desconocido,"Dirección
Grant Olson
Guión
Grant Olson
Reparto principal
Greta BanningSteve CuthbertAndrew Goodwin",Grant Olson,"Trevor Harrington is so brilliant, he has been identified as a new human species. Fortunately, he still has the twenty-three chromosomes necessary to breed with humans. In order to propagate this species, the Goodman Institute recruits a young girl, Ruby Crawford, to be his breeding partner. Just as Ruby falls for Trevor and they begin married life together, the media... Leer todo",Crossing the Rubicon,tt0181430,Romance
"5,9","Dirección
Raphael Fejtö
Guión
Raphael Fejtö
Reparto principal
Romain DurisClément SibonyMathilde Bertrandy",Raphael Fejtö,,Osmose,tt0195119,Romance
"7,4","Dirección
Niels Nielsen
Guión
Niels NielsenTess Nielsen
Reparto principal
Monica SnowJonathan AubeJennifer Gareis",Niels NielsenTess Nielsen,"Smart, young forest ranger marries handsome, flaky, artist dude, way too quickly. Their happy-giddy start degrades through a surreal roller-coaster ride whipped to a frenzy with neurotic kids, a high-strung ex-wife and a malicious alcoholic dad.",Venus on the Halfshell,tt0214275,Romance
"5,3","Dirección
Lawrence David Foldes
Guión
Lawrence David FoldesGrafton HarperCarol Hay
Reparto principal
Lisa BrennerMisha CollinsGeneviève Bujold",Lawrence David FoldesGrafton HarperCarol Hay,Inheriting her grandmother's remote island Inn causes Amanda to re-evaluate her life and decisions.,Finding Home,tt0228301,Romance
"6,5",Desconocido,Guy Jenkin,A young Englishman is sent to Malaysian Borneo in the 1930s to stay with a tribe as UK's colonial representative. A local woman (J.Alba) helps him understand local tradition and language. He falls in love with her etc. despite the taboo.,The Sleeping Dictionary,tt0242888,Romance
"5,1","Dirección
Michael ConnollyJohn Stimpson
Guión
Lynda M. ConnollyMichael ConnollyJohn Stimpson
Reparto principal
Michael LandesWendy Benson-LandesFrancis X. McCarthy",Lynda M. ConnollyMichael ConnollyJohn Stimpson,"The late Irish hero fireman's (Lefty) charming son William M. ""Billy"" Dylan (25) is elected as independent, youngest Massachusettes state representative. He joins the Democrats, Congress seat Beacon Hill's legendary rooster, House speaker Charles T. ""Chick"" Mudoon, who trusts the customary campaign debt check will reel the rookie in as another meek party soldier. Howe... Leer todo",Beacon Hill,tt0206771,Romance
"7,4",Desconocido,Kar-Wai Wong,"Varias mujeres entran en la vida de un autor de ciencia ficción en el transcurso de unos años, después de que el autor haya perdido a la mujer que él considera su único amor verdadero.",2046,tt0212712,Romance
"4,1","Dirección
Oliver Robins
Guión
Michael BaumgartenKate McKinneyOliver Robins
Reparto principal
A.J. BuckleyHolly FieldsJennifer Lyons",Michael BaumgartenKate McKinneyOliver Robins,"After his last girlfriend slept with his last roommate, Reno Rizzolla moves to L.A. with his new girlfriend... and chaos ensues when the debt on the house forces him to get roommates.",Roomies,tt0224025,Romance
"5,0","Dirección
Scott FalconerScott Hatley
Guión
James Gavin BedfordAlec CostandinosLynn Isenberg
Reparto principal
Eric SzmandaBree TurnerRomany Malco",James Gavin BedfordAlec CostandinosLynn Isenberg,"Billy Thompson is kid from Nebraska whose mother was a musician who died when Billy was young. To honor her, he wants to build his own recording studio. So he decides to enter a DJ competition in Los Angeles. He meets another DJ, Nite Owl, who's developed a new thing which he hopes to unveil at the competition. And he also meets Maya, a dancer from New York. Another D... Leer todo",True Vinyl,tt0229792,Romance
"5,3","Dirección
Evan Oppenheimer
Guión
Evan Oppenheimer
Reparto principal
Michael Ian BlackTom CavanaghSarah Chalke",Evan Oppenheimer,El distraído profesor Malcolm Downey acaba de inventar algo que seguro conducirá al camino académico fácil de la titularidad: una computadora que puede registrar las emociones humanas.,Alchemy,tt0285682,Romance
"7,4",Desconocido,Desconocido,"A young soldier and a starving actress engage in a love affair they will remember for years to come, even after it's end.",Aspects of Love,tt0287927,Romance
"6,8",Desconocido,Jonathan LarsonStephen Chbosky,"Esta es la versión cinematográfica del musical ganador de un premio Pulitzer y Tony sobre los bohemios en el East Village de la ciudad de Nueva York que luchan con la vida, el amor y el SIDA, y los impactos que tienen en Estados Unidos.",Rent,tt0294870,Romance
"5,1",Desconocido,Victoria FoytHenry Jaglom,A clothing designer tries to save her struggling boutique store by having a tumultuous weekend sale of her shop's inventory by playing on the addictions of shopping for the women of Beverly Hills.,Going Shopping,tt0295605,Romance
Desconocido,Desconocido,Desconocido,Amy Davidson goes through a crazy 24 hours just before her high school graduation.,The Worst Day Ever,tt0291569,Romance
"4,1",Desconocido,Peggy Bruen,"The story of two lovers, a woman and a Young Republican, who meet in hotel rooms over the 1990s to explore their sexual prowess. Only when they venture out of 'the box' does reality start to tear at the fabric of their private, existential affair. Nothing stays the same. They marry. Guess what happens next?",An Existential Affair,tt0302545,Romance
"5,4","Dirección
Bunty Soorma
Guión
Ashok RoyJaved SiddiquiBunty Soorma
Reparto principal
Arjun RampalAmeesha PatelBobby Deol",Ashok RoyJaved SiddiquiBunty Soorma,"A blind woman is taken care by a wealthy nobleman after her fiancee is presumed to be dead. Things takes a turn when her former fiancee comes back to her, which puts her in a dilemma.",Humko Tumse Pyaar Hai,tt0314186,Romance
"6,2",Desconocido,Katherine BrooksOlivia Bohnhoff HarrisKaren Klopfenstein,"La inteligente Annabelle comienza en un internado católico femenino de élite tras ser expulsada de sus dos colegios anteriores. Se declara abiertamente lesbiana y se siente atraída por su profesora, Simone.",Loving Annabelle,tt0323120,Romance
"6,0","Dirección
José Emílio Rondeau
Guión
Ana Maria BahianaAna Maria BahianaJosé Emílio Rondeau
Reparto principal
Rafael RochaDandara GuerraBem Gil",Ana Maria BahianaAna Maria BahianaJosé Emílio Rondeau,"Two teenagers from opposite sides of town, with very little in common except for their passion for music meet in 1970's Rio de Janeiro, at the height of the military dictatorship _ and of Brazil's booming underground rock scene.",1972,tt0337564,Romance
"5,7","Dirección
Torsten C. Fischer
Guión
Torsten C. FischerDieter Wellershoff
Reparto principal
Jessica SchwarzUlrich ThomsenTobias Moretti",Torsten C. FischerDieter Wellershoff,"When she was a student, Anja worked in the department of Lars and Marlene, two soon-to-be married doctors. At the time, she worked with one of the couple's friends, Leonhard, whom she eventually married and with whom she had a child",Der Liebeswunsch,tt0353667,Romance
"6,7","Dirección
Han Hsiang Li
Guión
Xueqin CaoHan Hsiang Li
Reparto principal
Brigitte LinSylvia ChangMichelle Yim",Xueqin CaoHan Hsiang Li,"Pao-yu is in love with his cousin, Lin Tai-yu, but his family has other marital plans for him that will leave both broken-hearted.",Jin yu liang yuan hong lou meng,tt0075959,Romance
"4,4","Dirección
Sinan Çetin
Guión
Sinan Çetin
Reparto principal
Okan BayülgenTeomanYasemin Kozanoglu",Sinan Çetin,"The friendship of Gökhan and Ömer is challenged when Ömer falls in love with beautiful Yasemin. Gökhan frames his best friend Ömer for a murder, subsequently Ömer must leave the country. Yasemin, grieving over the loss of her love Ömer, gets closer to Gökhan, who works in her cruel father's shady business.",Romantik,tt0314589,Romance
"5,9",Desconocido,Eric RothCurtis Hanson,"Un jugador de póquer famoso intenta ganar un torneo en Las Vegas, sin embargo está librando una batalla perdida con sus problemas personales.",Lucky You,tt0338216,Romance
"4,6",Desconocido,E. Paul Edwards,Sometimes we fight with fists and sometimes we kill with words.,Fighting Words,tt0354578,Romance
"7,1",Desconocido,Jason Rosette,"Accompanied by her illegal immigrant companion, a woman desperate to clone her deceased child steals cash and heads across country in search of a maverick animal cloning expert who says he can help her.",Susan Hero,tt0362209,Romance
"5,1",Desconocido,Dale DavisJennifer Harper,Cedric Tinsel (Allen Payne) is a 27-year-old professional basketball player. He is on a verge of signing a lucrative endorsment contract and proposing to his girlfriend Jill Hamlin (Chelsi Smith).,Playas Ball,tt0368151,Romance
"3,8","Dirección
Roger Larry
Guión
Roger LarrySandra Tomc
Reparto principal
Sebastian SpenceCrystal BubléA.C. Peterson",Roger LarrySandra Tomc,"Fifteen years after he last saw him, Danny Cimmerman, a Toronto banker, comes back to Vancouver to say goodbye to his ethnic Croatian gangster father, John Cimmerman, who is on his death bed. Danny never approved of how his father made a living, the reason why Danny left town in the first place, and conversely John felt Danny was a disappointment. Regardless, John's d... Leer todo",Crossing,tt0370433,Romance
"4,6",Desconocido,Anne Norda,"The tense marriage between two painters is shaken and stirred when the husband's provocative free-spirited nude model ignites his wife's sexual and spiritual awakening. In a three way game of subtle seduction, each of the three confront desires and frustrations that threaten to destroy the illusions of their lives.",Red Is the Color of,tt0373263,Romance
"6,0",Desconocido,Duncan BrantleyRick Reilly,"En 1925, un jugador de fútbol profesional emprendedor convence al héroe del fútbol americano universitario demasiado bueno para ser verdad de Estados Unidos de jugar para su equipo y evitar que la liga se arruine.",Leatherheads,tt0379865,Romance
"6,5",Desconocido,Jean-Claude SchlimChristian ThiryRobert David Graham,"Dos jóvenes almas gemelas se encuentran mientras trabajan en un club para hombres. Eventualmente, uno contrae el SIDA.",House of Boys,tt0405022,Romance
"6,4",Desconocido,Gustin NashC.D. Payne,"Mientras sus horribles padres se tambalean al borde del divorcio, Nick Twisp pone su mirada en la chica de sus sueños Sheeni Saunders, con la esperanza de que ella sea la que le quite la virginidad.",Youth in Revolt,tt0403702,Romance
"6,6","Dirección
Márta Mészáros
Guión
Márta MészárosÉva Pataki
Reparto principal
Enikõ EszenyiErnõ FeketeZsuzsa Czinkóczi",Márta MészárosÉva Pataki,"This film is the first one since the political changes in Hungary to deal with the topic of informants. It vividly depicts the atmosphere of Hungarian society in the seventies. The protagonist is Peter, a literary critic, is tasked by the secret police to persuade Social Democratic politician, Anna Kethly, who has been living in exile for decades, to return home. Keth... Leer todo",Utolsó jelentés Annáról,tt0407852,Romance
"4,4",Desconocido,Anton Pardoe,"Against the backdrop of a noirish dreamscape, a tortured man returns to the city he swore he would never return to, in order to save the woman he has always loved yet can never have.",The Perfect Sleep,tt0435716,Romance
"6,7",Desconocido,Roger Lim,"Eric, an American-born Asian college graduate, must steal a younger student's identity to take back the one last year of baseball eligibility that he lost when his dad passed away. Monica, his coach's All-American co-ed daughter, must ascertain her own questionable identity to come to terms with the years of abuse that she suffered after her mother passed away. Throug... Leer todo",AmerAsian,tt0437065,Romance
"8,1",Desconocido,Desconocido,,Why George?,tt0437550,Romance
"3,5","Dirección
Ajay Chandhok
Guión
Shabbir AhmedYunus Sajawal
Reparto principal
Arshad WarsiAashish ChaudharyYash Tonk",Shabbir AhmedYunus Sajawal,Two men abduct a woman who wants to alienate them from their friend.,Kisse Pyaar Karoon?,tt0438894,Romance
"5,2",Desconocido,James Kerwin,"Hoyle, a girl with a sharp mind and a weakness for bourbon, finds herself on the trail of a reclusive genius. But her work takes a series of unforeseen twists as events around her grow increasingly fragmented... disconnected... surreal. With an ethereal lounge singer and her loyal partner as her only allies, Hoyle is plunged into a dark world of intrigue and earth-sha... Leer todo",Yesterday Was a Lie,tt0448182,Romance
"5,4",Desconocido,Léon DesclozeauxPeter GelfanGelfan Peter,,"Cargo, les hommes perdus.",tt0437462,Romance
"4,0",Desconocido,Shiraz Ahmed,"Con la esperanza de que el destino los vuelva a unir, una pareja, a punto de casarse, intenta encontrar a cada uno.",Milenge Milenge,tt0443331,Romance
"5,8",Desconocido,Chris D'ArienzoFrank Turner Hollon,"Barry Munday wakes up after being attacked to realize that he's missing his family jewels. To make matters worse, he learns he's facing a paternity lawsuit filed by a woman he can't remember having sex with.",Barry Munday,tt0482461,Romance
"6,6","Dirección
Takeshi Kobayashi
Guión
Chika KanShunji Iwai
Reparto principal
Jin AkanishiKie KitanoKengo Kôra",Chika KanShunji Iwai,Four boys have their friendship and musical talents tested in the ever changing worlds of the music industry and real life in 1990s Japan.,Bandeiji,tt0482459,Romance
"6,6",Desconocido,Roger TowneJoe Coomer,"A man in search of his past, and a woman who lives in the moment, are brought together when they pursue the origins of a stray parrot in this comedic and romantic drama.",A Bird of the Air,tt0448022,Romance
"5,9",Desconocido,Pete JonesPeter FarrellyKevin Barnett,"Rick y Fred, dos esposos que están teniendo dificultades en sus matrimonios, reciben carta blanca por parte de sus esposas: durante una semana, pueden hacer lo que quieran.",Hall Pass,tt0480687,Romance
"5,8",Desconocido,Jennie Snyder UrmanEmily Giffin,"La amistad se pone a prueba y los secretos salen a la superficie cuando Rachel, soltera terminal, se enamora de Dex, el prometido de su mejor amiga Darcy.",Something Borrowed,tt0491152,Romance
"6,0",Desconocido,Karyn BosnakGabrielle AllanJennifer Crittenden,Una mujer recuerda a los últimos 19 hombres con los que ha estado y se pregunta si uno de ellos podría ser su amor verdadero.,What's Your Number?,tt0770703,Romance
"8,3","Dirección
Emmett Loverde
Guión
Emmett Loverde
Reparto principal
Bill MendietaTom SchanleyJennifer Siebel Newsom",Emmett Loverde,A young man learns to let go of worn-out dreams in order to make room for new love.,Till You Get to Baraboo,tt0770819,Romance
"7,3",Desconocido,Daniel TaplitzLouis de Bernières,Basado en la historia real del Perro Rojo que unió a una comunidad local mientras recorría el interior de Australia en busca de su amo perdido hace mucho tiempo.,Red Dog,tt0803061,Romance
"6,1","Dirección
Terracino
Guión
Terracino
Reparto principal
Elena GoodeGuillermo IvánRobin de Jesus",Terracino,"Two stages of a Dominican-American's life; first as a boy trying to bond with his young mother, then a 21-year-old looking for love in New York City.",Elliot Loves,tt0790653,Romance
"5,0","Dirección
Glenio Bonder
Guión
Glenio BonderVincenzo CeramiAlbert Cohen
Reparto principal
Jonathan Rhys MeyersNatalia VodianovaEd Stoppard",Glenio BonderVincenzo CeramiAlbert Cohen,Un funcionario de alto rango judío tiene un romance con la esposa protestante de uno de sus empleados.,Belle du Seigneur,tt0810772,Romance
"6,4","Dirección
Jake Torem
Guión
Jake Torem
Reparto principal
Jake ToremShirly BrenerLuca Bercovici",Jake Torem,"Unlucky in love, strangled at work, and tormented at home, Joel Slater is desperately searching for a way to juggle his life. But sometimes, the secret to happiness begins with letting go.",Letting Go,tt0865557,Romance
"4,5",Desconocido,Bryan FogelSam Wolfson,Comedia romántica acerca de dos amigos de la infancia que se reúnen despues de muchos años. Uno de ellos le pide al otro que finja ser judío para conquistar a una chica judía.,Jewtopia,tt0878814,Romance
"7,3",Desconocido,Shelley DotyG.B. HajimJulia Ransom,"In a dystopian spacefaring future, Naia, a female guitarist, and Parker, a female saxophonist, fall in love and form a successful band together. A sleazy music producer breaks them up. When his acts start dying, Parker must save Naia.",Strange Frame: Love & Sax,tt0969345,Romance
"3,5",Desconocido,Sam Logan Khaleghi,US Army Staff Sergeant Wesley Kent returns from the war abroad and must now fight the threat of corruption and deception in his hometown at all personal costs.,Approaching Midnight,tt0837559,Romance
"7,0",Desconocido,Saul DibbMatt CharmanIrène Némirovsky,"Durante los primeros años de la ocupación nazi de Francia en la Segunda Guerra Mundial, el romance se desarrolla entre Lucile Angellier (Michelle Williams), un aldeano francés, y Bruno von Falk (Matthias Schoenaerts), un soldado alemán.",Suite Française,tt0900387,Romance
"8,6",Desconocido,Govind MishraJeetendar Srivastav,,Life Mein Twist Hai,tt10006510,Romance
Desconocido,"Dirección
Aleksandr Kananovich
Reparto principal
Ilya KapanetsKostya KapskiyAndrey Karako",Ilya KapanetsKostya KapskiyAndrey Karako,,Zvyozdy svetyat vsem,tt10035404,Romance
Desconocido,Desconocido,Desconocido,,Hum tum,tt10039022,Romance
"6,9","Dirección
Nitram Nosirrag
Guión
Martin Garrison
Reparto principal
Matthew O. SloanKim Jiang DubaniewiczLuona Wang",Martin Garrison,"A bad-boy bachelor falls for his nemesis and downstairs neighbor, a conservative chinese-american acupuncturist. Just as he becomes more family-oriented, an offensive bet he made about her is revealed, and he must scramble amidst a colorful array of characters to win back her heart. Cinematography by oscar nominee james laxton (moonlight). Shot for under $100,000 in o... Leer todo",Jackson Arms,tt0850678,Romance
"5,6","Dirección
Sukhwant Dhadda
Guión
Sukhwant DhaddaHarinderVivek Kumar
Reparto principal
Vinod KhannaSudhanshu PandeyMohnish Behl",Sukhwant DhaddaHarinderVivek Kumar,"El huérfano Simran se casa con Aman, un oficial del ejército. Tras la muerte de Aman, Simran promete cuidar a su familia. Las esposas de los suegros crean divisiones. Simran lucha por reunir a la familia y cumplir su promesa.",Chooriyan,tt0977643,Romance
"6,6",Desconocido,Desconocido,,Pushing the Envelope,tt0119966,Thriller
"5,2",Desconocido,Bryan Johnson,A man who performs as a children's birthday party clown tries to piece his life back together after being gang-raped.,Vulgar,tt0120467,Thriller
"4,9",Desconocido,Kikuo Kawasaki,"The entangled stories around the life of Elsie Taryn Townsendz, who becomes rich from being a country town's girl.",Lured Innocence,tt0122161,Thriller
"4,6","Dirección
N. Chandra
Guión
N. ChandraRajeev KaulPraful Parekh
Reparto principal
GovindaTabuKarisma Kapoor",N. ChandraRajeev KaulPraful Parekh,"Filled with vengeance, a simple man turns into a hardcore criminal in order to avenge the destruction of his family.",Shikari,tt0120117,Thriller
"4,4",Desconocido,Richard Beattie,"A dark, comedic thriller about fraud, bank robbers, and a search for love.",The Highwayman,tt0120698,Thriller
"7,1","Dirección
Fernando Venturini
Reparto principal
Víctor MayoJuan Carlos VellidoBasilio Alvarez",Víctor MayoJuan Carlos VellidoBasilio Alvarez,"Somewhere in Latin America, there appears overnight the corpse of a known mobster, Miguel ""el chino"" Sanabria. The evidence suggests that his death was a brutal crime of passion, an explanation that satisfies everyone except Ferrán, a grim and bitter detective from the slums of the city, who suspects that there may be something more sinister behind this crime than sim... Leer todo",3 noches,tt0114722,Thriller
"2,8","Dirección
David A. Goldberg
Guión
Coven Balfour
Reparto principal
Lou ConsoloLisa DelienJohn Henchar",Coven Balfour,"A pair of down on their luck friends in debt to the mob, find that a demented mafia hitman is the least of their worries when they attempted to rob a mysterious newcomer to their town in this sexy tale of terror.",Eyes Are Upon You,tt0126899,Thriller
"7,8",Desconocido,David Ayer,"En su primer día de trabajo como oficial de narcóticos, un policía novato acaba con un inusual detective que no es lo que parece.",Training Day,tt0139654,Thriller
"5,3",Desconocido,Howard SwindleRon L. Brinkerhoff,A un detective que está siendo acosado por un asesino en serie se le pide que se registre en una clínica que trata a los agentes de la ley que no pueden hacer frente a sus trabajos.,D-Tox,tt0160184,Thriller
"6,5",Desconocido,Tom ClancyPaul AttanasioDaniel Pyne,"El analista de la CIA Jack Ryan debe detener los planes de una facción neonazi que amenaza con incitar conflicto entre los EE. UU. y el nuevo presidente ruso al detonar un arma nuclear en un partido de fútbol en Baltimore, Maryland.",The Sum of All Fears,tt0164184,Thriller
"5,9",Desconocido,Matt DillonBarry Gifford,"Un estafador viaja a Camboya para cobrar su parte en una estafa de seguros, pero descubre más de lo que esperaba.",City of Ghosts,tt0164003,Thriller
"5,2","Dirección
Denise Riley
Guión
Johnny Keatth
Reparto principal
Johnny KeatthDavid SpenceJames P. Bennett",Johnny Keatth,"A sexy blond hairdresser from the mid-west inherits her father's Beverly Hills apartment complex along with a creepy gardener and a slew of murders. Things get complicated when the dectective on the case falls for her. Slashes, gashes, sex and surprises abound in the murder mystery.",Silent Screamplay,tt0160870,Thriller
"4,6","Dirección
Doug Greenall
Guión
Doug Greenall
Reparto principal
Stacy FairClare LapinskieBruce Dawson",Doug Greenall,"Lanalee's life looks rosy until her estranged sister, Blue, appears. Blackmailed by her disturbed sibling, Lanalee is suddenly fighting to protect a terrifying secret. Blue and Lanalee hide a dark past from their men # a fiancé and a lover # as a rollercoaster journey to their childhood home challenges their relationships. Painful memories resonate from an abandoned f... Leer todo",Sister Blue,tt0201934,Thriller
"4,2","Dirección
Yolanda Darnell
Guión
Yolanda Darnell
Reparto principal
Mary DeeSteven GridleyG. Anthony Joseph",Yolanda Darnell,A young woman experiences a living nightmare with the man of her dreams.,Terror in the Darkness,tt0215244,Thriller
"4,0",Desconocido,Silvio PollioDanny Wattley,"A struggling filmmaker finds himself involved in a dark world of guns, drugs and prostitution.",How It All Went Down,tt0243652,Thriller
"6,3","Dirección
Andy Graydon
Guión
Andy GraydonBenjamin Meyer
Reparto principal
Patrick ClearAndrew RothenbergMariann Mayberry",Andy GraydonBenjamin Meyer,Life Sentence is a psychological thriller chronicling the turbulent and deadly relationship between a burned-out critic and a brilliant but unstable writer.,Life Sentence,tt0218400,Thriller
"5,0","Dirección
Roberto Monticello
Guión
Melanie ForchettiRoberto Monticello
Reparto principal
Christine CaleoAmy RussDan Green",Melanie ForchettiRoberto Monticello,"A brutal double murder in a hotel room. A suspect confesses at the scene. An open and shut case turns into a psychological thrill ride as tough NY detective, Gloria Hernandez starts a crusade to prove confessor Janie Holtz innocent despite her adamant admissions of guilt.",Till Proven Innocent,tt0235219,Thriller
"6,4","Dirección
Tony Piccirillo
Guión
Tony PiccirilloTony Piccirillo
Reparto principal
James MarsdenScott SpeedmanSofía Vergara",Tony PiccirilloTony Piccirillo,Tom (Speedman) and Dan's (Marsden) one-night stand turns into an intense power-play between captor and captive.,The 24th Day,tt0246404,Thriller
"6,0","Dirección
Rex Hauck
Guión
Chad DraperRex Hauck
Reparto principal
Salvator XuerebGeorge FaughnanStephanie Astalos-Jones",Chad DraperRex Hauck,Three lunatics escape from a mental institution only to find the real world is crazier than they ever were.,False River,tt0160261,Thriller
"5,9","Dirección
Roger Spottiswoode
Guión
Patricia HighsmithWilliam Blake HerronDonald E. Westlake
Reparto principal
Barry PepperJacinda BarrettIan Hart",Patricia HighsmithWilliam Blake HerronDonald E. Westlake,Un estafador profesional oculta la muerte de un artista famoso para ganar dinero vendiendo cuadros en su propio nombre.,Ripley Under Ground,tt0219171,Thriller
"3,3","Dirección
Jason J. Tomaric
Guión
Jason J. Tomaric
Reparto principal
Jeff St. ClairGary SkibaJames Kisicki",Jason J. Tomaric,"Humanity is on the verge of extinction after nuclear fallout from the war renders every living thing on Earth infertile. Chancellor Derek Strombourg, mourning the death of his daughter, must find the one person whose genetic structure can bring life to thousands of dormant human clones. Fighting him is an underground rebellion struggling to prevent this awesome power ... Leer todo",Cl.One,tt0227189,Thriller
"6,4","Dirección
Patrick Bouchitey
Guión
Jackie BerroyerPatrick BouchiteyGilles Laurent
Reparto principal
Patrick BouchiteyLaetitia ChardonnetIsabelle Renauld",Jackie BerroyerPatrick BouchiteyGilles Laurent,A literary professor who suffers from writer's block decides to kidnap one of his female students in order to promote her brilliant essay that reminds him of his own work as his own.,Imposture,tt0261759,Thriller
"5,5","Dirección
Gary Lennon
Guión
Gary Lennon
Reparto principal
Milla JovovichAngus MacfadyenStephen Dorff",Gary Lennon,"Una joven ejecuta un elaborado plan de venganza debido a su adicción, obsesión y abuso que pasa.",.45,tt0259822,Thriller
"6,9","Dirección
Michele Soavi
Guión
Massimo CarlottoLorenzo FavellaMichele Soavi
Reparto principal
Alessio BoniMichele PlacidoIsabella Ferrari",Massimo CarlottoLorenzo FavellaMichele Soavi,"Giorgio Pellegrini, a former left-wing activist turned terrorist has fled to Central America and fought with a guerrilla movement. Fifteen years later he is fed up with living in the jungle and decides to return to Italy. What he wants is to lead a comfortable bourgeois life in his native country. Thanks to Anedda, a corrupt police inspector, and after giving away for... Leer todo","Arrivederci amore, ciao",tt0325011,Thriller
"6,0",Desconocido,Desconocido,,5ive!,tt0327389,Thriller
"5,6","Dirección
David Von Roehm
Guión
Spencer DavidMike LetiziaChad Perks
Reparto principal
Natalie E. AlexanderChristine ChervenakTony Devon",Spencer DavidMike LetiziaChad Perks,A troubled priest witnesses a father's assault on his daughter then takes revenge.,Mystery of the Bloody Mansion,tt0198794,Thriller
"7,3",Desconocido,Kelly Masterson,"Cuando dos hermanos organizan un atraco en la joyería de sus padres, el trabajo sale terriblemente mal, desencadenando una serie de eventos que los conducen, junto a su padre y la esposa de uno de los hermanos, hacia un clímax demoledor.",Before the Devil Knows You're Dead,tt0292963,Thriller
Desconocido,"Dirección
Anton Vassil",Desconocido,Astronaut discovers plots of sabotage within the space agency.,ISS Space Agency,tt0399976,Thriller
"3,2",Desconocido,Justin BeaupreAndrew CappellettiTim Durr,"Haunted by her sister's mysterious disappearance many years ago at Green River, Charisma Kavanagh (Danielle Franke) returns to silence her ghosts and make peace with the past.",Green River,tt0403085,Thriller
"6,0","Dirección
Pater Sparrow
Guión
Judit GóczánBéla HamvasStanislaw Lem
Reparto principal
Zoltán MucsiLászló SinkóPál Mácsai",Judit GóczánBéla HamvasStanislaw Lem,"A bookshop renowned for its rare works is mysteriously and completely filled with copies of a book entitled 1, which doesn't appear to have a publisher or author.",1,tt0408060,Thriller
"3,3","Dirección
Erik de Castro
Guión
Erico BeduschiHeber TrigueiroErik de Castro
Reparto principal
Michael MadsenCarolina GómezSelton Mello",Erico BeduschiHeber TrigueiroErik de Castro,"A dangerous drug lord operates in Brasilia, the federal capital of Brazil. To capture him, the police will do whatever is necessary. Caught in the middle is a frightened population. ""Federals"" exposes the reality of a country that today is an important route for international drug-trafficking.",Federal,tt0463311,Thriller
"7,4","Dirección
Mark Tierney
Guión
Jeremy HenmanLaurence ScottMark Tierney
Reparto principal
Michael GrecoSteven BerkoffJake Maskall",Jeremy HenmanLaurence ScottMark Tierney,"About a man (Greco), who runs from north to south London and the problems he encounters on the way. It is a tense psychological drama of jealousy, passion and paranoia based on cult classic ""The Swimmer"".",Moving Target,tt0439724,Thriller
"4,6","Dirección
Charlotte Silvera
Guión
Lyudmila RazumovskayaCharlotte Silvera
Reparto principal
Carmen MauraJulie DurandRenaud Cestre",Lyudmila RazumovskayaCharlotte Silvera,"When a group of charming teenagers ring the bell of their high school headmistress (Carmen Maura) with a big bouquet of flowers and a birthday present, we are far from thinking that they are the protagonist of a machiavellian plan. Alice Nabat invites this group of jolly young people to have a drink, not knowing that once the door has closed behind them, they will bec... Leer todo",Escalade,tt0781441,Thriller
"6,3","Dirección
George Sluizer
Guión
Jim BartonSophie Dix
Reparto principal
River PhoenixJudy DavisJonathan Pryce",Jim BartonSophie Dix,"La vida de Boy, un joven viudo que vive en el desierto en un sitio de pruebas nucleares.",Dark Blood,tt0293069,Thriller
"5,6",Desconocido,Aric CushingCharlotte Perkins GilmanLogan Thomas,"After a devastating fire, Charlotte and John rent a countryside house and attempt to start life over, though Charlotte, upon seeing visions of her deceased daughter, retreats to the house's attic and pulls away from her husband and sister.",The Yellow Wallpaper,tt0790788,Thriller
"2,9","Dirección
Rishi Opel
Guión
Rishi Opel
Reparto principal
Jamie ForemanDanny John-JulesZoë Tapper",Rishi Opel,"British crime drama in which the diverging fortunes of a pair of friends threaten to destroy them both. After a long, hard struggle Vince (Freddie Connor) is finally going places. Set for promotion from a nightclub manager to his dream job overseeing a casino and due to be married to Nancy (Zoe Tapper), Vince is looking forward to the future. In contrast, his childhoo... Leer todo",The Grind,tt0906013,Thriller
"5,7",Desconocido,Elmore LeonardCharles Matthau,"Set in 1974, a pair of '60s radicals rely on their bomb-making skills on their way to becoming capitalists.",Freaky Deaky,tt0938305,Thriller
"6,1",Desconocido,Paul Harris BoardmanScott DerricksonMara Leveritt,El feroz asesinato de tres niños pequeños provoca un polémico juicio de tres adolescentes acusados de matar a los niños como parte de un ritual satánico.,Devil's Knot,tt0804463,Thriller
